Text you want to add 1,email address of person to send the cert to 1,name of the pdf file (serial number) 1
Text you want to add 2,email address of person to send the cert to 2,name of the pdf file (serial number) 2
Text you want to add 3,email address of person to send the cert to 3,name of the pdf file (serial number) 3
Text you want to add 4,email address of person to send the cert to 4,name of the pdf file (serial number) 4
Text you want to add 5,email address of person to send the cert to 5,name of the pdf file (serial number) 5
Text you want to add 6,email address of person to send the cert to 6,name of the pdf file (serial number) 6
Text you want to add 7,email address of person to send the cert to 7,name of the pdf file (serial number) 7
Text you want to add 8,email address of person to send the cert to 8,name of the pdf file (serial number) 8
Text you want to add 9,email address of person to send the cert to 9,name of the pdf file (serial number) 9
Text you want to add 10,email address of person to send the cert to 10,name of the pdf file (serial number) 10
Text you want to add 11,email address of person to send the cert to 11,name of the pdf file (serial number) 11
Text you want to add 12,email address of person to send the cert to 12,name of the pdf file (serial number) 12
Text you want to add 13,email address of person to send the cert to 13,name of the pdf file (serial number) 13
Text you want to add 14,email address of person to send the cert to 14,name of the pdf file (serial number) 14
Text you want to add 15,email address of person to send the cert to 15,name of the pdf file (serial number) 15
Text you want to add 16,email address of person to send the cert to 16,name of the pdf file (serial number) 16
Text you want to add 17,email address of person to send the cert to 17,name of the pdf file (serial number) 17
Text you want to add 18,email address of person to send the cert to 18,name of the pdf file (serial number) 18
Text you want to add 19,email address of person to send the cert to 19,name of the pdf file (serial number) 19
Text you want to add 20,email address of person to send the cert to 20,name of the pdf file (serial number) 20